{"initial_reset_timestamp": 1582208073.9588618, "timestamps": [1582208081.2025874, 1582208081.6544585, 1582208081.94869, 1582208082.2441988, 1582208082.5387886, 1582208082.8332016, 1582208083.1291213, 1582208083.4248433, 1582208083.7212672, 1582208084.0184128, 1582208088.6437533, 1582208089.1807554, 1582208089.7743933, 1582208090.538706, 1582208091.078368, 1582208091.6213126, 1582208092.164785, 1582208092.71183, 1582208093.2571511, 1582208093.8041708, 1582208100.4433815, 1582208101.2165406, 1582208101.9877899, 1582208102.7706456, 1582208103.5554967, 1582208104.3545506, 1582208105.1871257, 1582208105.9765606, 1582208106.7545702, 1582208107.5265203, 1582208113.0966368, 1582208113.9019954, 1582208114.7087872, 1582208115.5027099, 1582208116.3216822, 1582208117.1173975, 1582208118.0028257, 1582208118.936126, 1582208119.754796, 1582208120.5351884, 1582208126.0503204, 1582208126.8491733, 1582208127.655671, 1582208128.4466302, 1582208129.2258148, 1582208130.0351985, 1582208130.8270314, 1582208131.6261945, 1582208132.420818, 1582208133.205444, 1582208138.7693412, 1582208139.5399826, 1582208140.3411145, 1582208141.1381834, 1582208141.9274065, 1582208142.7023938, 1582208143.497188, 1582208144.299775, 1582208145.093124, 1582208145.9005487, 1582208151.670499, 1582208152.5938082, 1582208153.751574, 1582208156.0462284, 1582208156.9675477, 1582208157.8177905, 1582208158.6262722, 1582208159.949851, 1582208161.5846775, 1582208162.6774237], "episode_lengths": [200, 200, 200, 200, 200, 200, 200, 200, 200, 200, 200, 200, 200, 200, 200, 200, 200, 200, 200, 200, 200, 200, 200, 200, 200, 200, 200, 200, 200, 200, 200, 200, 200, 200, 200, 200, 200, 200, 200, 200, 200, 200, 200, 200, 200, 200, 200, 200, 200, 200, 200, 200, 200, 200, 200, 200, 200, 200, 200, 200, 200, 200, 200, 200, 200, 200, 200, 200, 200, 200], "episode_rewards": [-1413.894611369616, -1010.075486636723, -1578.4993029950401, -1769.922881990846, -1789.7089485674135, -1562.2539633443012, -1783.8536576947624, -1402.3245512570074, -893.1794244185933, -1435.791446485862, -1734.1500554249562, -1625.1420758761788, -1531.0868379262372, -1565.2780444835753, -1796.0142802922098, -1767.9052570465715, -1573.994350532017, -1480.7437808888071, -1407.7507744675183, -1386.4070150307712, -1220.5343647467153, -1038.267756097528, -1387.304267659463, -1574.5654270409198, -1528.6407262044045, -1534.0435640580906, -1652.2067955305736, -1650.0659799227976, -1526.3319617065295, -1602.5460704635348, -1473.6031451740103, -1558.7162535800526, -1512.69128129429, -1654.189043763531, -1612.2096234455887, -1502.5471231482552, -1497.1453169800388, -1545.0141349832331, -1518.5016962250447, -1614.8298175409925, -1581.51965559609, -1650.3557304214132, -1583.1700682898518, -1602.000081513661, -1572.1203741231193, -1503.6865485875421, -1617.7970784745198, -1647.0639752198197, -1499.8775395021294, -1589.3533542450575, -1494.741705633471, -1559.281297152919, -1351.5619050120738, -1513.862211533469, -1292.39556298677, -1471.475450805366, -1566.777531129597, -1481.8562596082159, -1414.6577535316171, -1378.6093599118387, -1114.8661489424298, -442.4935126436497, -1289.6262592921905, -1.2948796853162303, -1.5133804631124907, -1402.234330871355, -135.33806831776258, -554.406475058235, -1373.5734647649278, -1327.9245325746767], "episode_types": ["t", "t", "t", "t", "t", "t", "t", "t", "t", "t", "t", "t", "t", "t", "t", "t", "t", "t", "t", "t", "t", "t", "t", "t", "t", "t", "t", "t", "t", "t", "t", "t", "t", "t", "t", "t", "t", "t", "t", "t", "t", "t", "t", "t", "t", "t", "t", "t", "t", "t", "t", "t", "t", "t", "t", "t", "t", "t", "t", "t", "t", "t", "t", "t", "t", "t", "t", "t", "t", "t", "t"]}