{"initial_reset_timestamp": 1581946511.3878593, "timestamps": [1581946518.4797492, 1581946518.8578606, 1581946519.1491206, 1581946519.4419513, 1581946519.7314095, 1581946520.0198734, 1581946520.3076162, 1581946520.5875423, 1581946520.865, 1581946521.1635635, 1581946526.6866176, 1581946527.5251493, 1581946528.3489785, 1581946529.139658, 1581946529.988595, 1581946530.8282363, 1581946531.649997, 1581946532.451402, 1581946533.2881002, 1581946534.0830505, 1581946539.6587121, 1581946540.4640026, 1581946541.2752895, 1581946542.0999086, 1581946542.8868532, 1581946543.673739, 1581946544.4568043, 1581946545.2441208, 1581946546.0488505, 1581946546.8363178, 1581946552.384794, 1581946553.2148693, 1581946554.0950487, 1581946554.8891325, 1581946555.687155, 1581946556.5124207, 1581946557.3291454, 1581946558.1457906, 1581946558.9368095, 1581946559.7274265, 1581946565.233494, 1581946565.9983327, 1581946566.7594724, 1581946567.5432777, 1581946568.339638, 1581946569.135079, 1581946569.9295547, 1581946570.7055776, 1581946571.498012, 1581946572.3218784, 1581946577.8445053, 1581946578.6594, 1581946579.4709115, 1581946580.2839978, 1581946581.0975535, 1581946581.9085302, 1581946582.7122998, 1581946583.5133803, 1581946584.3271587, 1581946585.115889, 1581946590.6525352, 1581946591.4336264, 1581946592.212022, 1581946592.9816067, 1581946593.7597358, 1581946594.5426092, 1581946595.3387327, 1581946596.1578987, 1581946596.966266, 1581946597.7764103, 1581946603.201456, 1581946603.9724312, 1581946604.8014708, 1581946605.6058729, 1581946606.3894641, 1581946607.162412, 1581946607.966892, 1581946608.7510881, 1581946609.5402265, 1581946610.3116925, 1581946615.7158449, 1581946616.4986823, 1581946617.3008428, 1581946618.1270728, 1581946618.8414757, 1581946619.5775723, 1581946620.2965071, 1581946621.0121047, 1581946621.7177696, 1581946622.4366975, 1581946628.0087, 1581946628.7963548, 1581946629.600149, 1581946630.3947763, 1581946631.1871028, 1581946631.9734554, 1581946632.7642808, 1581946633.556182, 1581946634.3507054, 1581946635.1415746, 1581946646.833582, 1581946647.5480838, 1581946648.198485, 1581946648.8498778, 1581946649.5377262, 1581946650.3584552, 1581946651.1904776, 1581946651.9853287, 1581946652.8036015, 1581946653.5985706, 1581946659.2742016, 1581946660.0803788, 1581946660.8579297, 1581946661.6663997, 1581946662.4606426, 1581946663.2519953, 1581946664.0421476, 1581946664.8263068, 1581946665.6162472, 1581946666.4040048, 1581946671.981355, 1581946672.7934484, 1581946673.5893385, 1581946674.4107056, 1581946675.2034965, 1581946675.9936917, 1581946676.781174, 1581946677.573781, 1581946678.379973, 1581946679.168441, 1581946684.7661338, 1581946685.5973976, 1581946686.4034555, 1581946687.1990194, 1581946687.9937398, 1581946688.7817318, 1581946689.5709243, 1581946690.3696747, 1581946691.1604552, 1581946691.9303854, 1581946697.404831, 1581946698.2246559, 1581946699.0010736, 1581946699.7713108, 1581946700.5452754, 1581946701.3394256, 1581946702.1299126, 1581946702.899716, 1581946703.6702266, 1581946704.4733615, 1581946709.9190953, 1581946710.702309, 1581946711.4886506, 1581946712.2766893, 1581946713.0777347, 1581946713.8476055, 1581946714.6209636, 1581946715.4049504, 1581946716.1953135, 1581946716.9625363, 1581946722.5794687, 1581946723.3838868, 1581946724.1707225, 1581946724.9509287, 1581946725.758587, 1581946726.560976, 1581946727.3466845, 1581946728.1301508, 1581946728.9269001, 1581946729.7248573, 1581946735.316039, 1581946736.1493573, 1581946736.9377813, 1581946737.764581, 1581946738.577283, 1581946739.3672733, 1581946740.1782684, 1581946740.9880366, 1581946741.8121035, 1581946742.5953572, 1581946748.2901692, 1581946749.0864246, 1581946749.8826773, 1581946750.677264, 1581946751.4680092, 1581946752.2613635, 1581946753.0559638, 1581946753.853516, 1581946754.6422904, 1581946755.4428728, 1581946761.0377119, 1581946761.854984, 1581946762.663727, 1581946763.456982, 1581946764.2457774, 1581946765.0415432, 1581946765.8280523, 1581946766.6140146, 1581946767.409429, 1581946768.2018297, 1581946779.8275275, 1581946780.6544745, 1581946781.3056247, 1581946781.9735184, 1581946782.7385478, 1581946783.5427306, 1581946784.343897, 1581946785.1606636, 1581946785.9547014, 1581946786.757437, 1581946792.2817774, 1581946793.093688, 1581946793.8855374, 1581946794.6845121, 1581946795.4924428, 1581946796.3165796, 1581946797.1107786, 1581946797.9033558, 1581946798.6886084, 1581946799.4750187, 1581946805.0570922, 1581946805.83701, 1581946806.658025, 1581946807.4513829, 1581946808.2579942, 1581946809.0677223, 1581946809.8595753, 1581946810.6521509, 1581946811.4418352, 1581946812.2384977, 1581946818.8779078, 1581946819.6644008, 1581946820.44955, 1581946821.2444797, 1581946822.0493808, 1581946822.8383045, 1581946823.6826077, 1581946824.6428578, 1581946825.4556992, 1581946826.2795274, 1581946831.9649222, 1581946832.7539582], "episode_lengths": [200, 200, 200, 200, 200, 200, 200, 200, 200, 200, 200, 200, 200, 200, 200, 200, 200, 200, 200, 200, 200, 200, 200, 200, 200, 200, 200, 200, 200, 200, 200, 200, 200, 200, 200, 200, 200, 200, 200, 200, 200, 200, 200, 200, 200, 200, 200, 200, 200, 200, 200, 200, 200, 200, 200, 200, 200, 200, 200, 200, 200, 200, 200, 200, 200, 200, 200, 200, 200, 200, 200, 200, 200, 200, 200, 200, 200, 200, 200, 200, 200, 200, 200, 200, 200, 200, 200, 200, 200, 200, 200, 200, 200, 200, 200, 200, 200, 200, 200, 200, 200, 200, 200, 200, 200, 200, 200, 200, 200, 200, 200, 200, 200, 200, 200, 200, 200, 200, 200, 200, 200, 200, 200, 200, 200, 200, 200, 200, 200, 200, 200, 200, 200, 200, 200, 200, 200, 200, 200, 200, 200, 200, 200, 200, 200, 200, 200, 200, 200, 200, 200, 200, 200, 200, 200, 200, 200, 200, 200, 200, 200, 200, 200, 200, 200, 200, 200, 200, 200, 200, 200, 200, 200, 200, 200, 200, 200, 200, 200, 200, 200, 200, 200, 200, 200, 200, 200, 200, 200, 200, 200, 200, 200, 200, 200, 200, 200, 200, 200, 200, 200, 200, 200, 200, 200, 200, 200, 200, 200, 200, 200, 200, 200, 200, 200, 200, 200, 200, 200, 200, 200, 200, 200, 200, 200, 200, 200, 200, 200, 200, 200, 200, 200, 200, 200, 200, 200, 200, 200, 200, 200, 200],