{"initial_reset_timestamp": 1582034762.614076, "timestamps": [1582034769.6613252, 1582034770.0276685, 1582034770.3309858, 1582034770.6402473, 1582034771.106218, 1582034771.6037238, 1582034771.9031355, 1582034772.1931708, 1582034772.4992537, 1582034772.7917702, 1582034778.1020567, 1582034778.927986, 1582034779.5724308, 1582034780.1928213, 1582034780.8145478, 1582034781.4362419, 1582034782.0521128, 1582034782.7932065, 1582034783.600287, 1582034784.4491904, 1582034790.0754452, 1582034790.8730485, 1582034791.6532953, 1582034792.419789, 1582034793.164791, 1582034793.9559052, 1582034794.7374818, 1582034795.5358067, 1582034796.3119059, 1582034797.0941386, 1582034802.9065373, 1582034803.7308564, 1582034804.5166368, 1582034805.2656302, 1582034806.0045025, 1582034806.7421803, 1582034807.5200872, 1582034808.3545403, 1582034809.1332378, 1582034809.9249108, 1582034815.5578616, 1582034816.3504763, 1582034817.2482896, 1582034818.0854275, 1582034818.8443594, 1582034819.6234968, 1582034820.4419436, 1582034821.2518148, 1582034822.0472715, 1582034822.8331285, 1582034828.3346791, 1582034829.121748, 1582034829.8942788, 1582034830.663405, 1582034831.440465, 1582034832.2075186, 1582034833.0765188, 1582034834.01177, 1582034835.2531252, 1582034836.0947695, 1582034842.0818539, 1582034842.9069433, 1582034843.710877, 1582034844.517131, 1582034845.3348362, 1582034846.1382658, 1582034847.0477805, 1582034847.8778837, 1582034848.6624126, 1582034849.4391503, 1582034855.0812416, 1582034855.886117, 1582034856.6775486, 1582034857.464375, 1582034858.253134, 1582034859.060195, 1582034859.8637848, 1582034860.6694605, 1582034861.4711018, 1582034862.263334, 1582034868.0989048, 1582034868.9050052, 1582034869.7089584, 1582034870.520787, 1582034871.3110404, 1582034872.112867, 1582034872.90354, 1582034873.7089758, 1582034874.4986782, 1582034875.2777538, 1582034880.8851705, 1582034881.6439106, 1582034882.4376333, 1582034883.2351856, 1582034884.0349798, 1582034884.8334868, 1582034885.6373587, 1582034886.4249625, 1582034887.2256458, 1582034888.0175614], "episode_lengths": [200, 200, 200, 200, 200, 200, 200, 200, 200, 200, 200, 200, 200, 200, 200, 200, 200, 200, 200, 200, 200, 200, 200, 200, 200, 200, 200, 200, 200, 200, 200, 200, 200, 200, 200, 200, 200, 200, 200, 200, 200, 200, 200, 200, 200, 200, 200, 200, 200, 200, 200, 200, 200, 200, 200, 200, 200, 200, 200, 200, 200, 200, 200, 200, 200, 200, 200, 200, 200, 200, 200, 200, 200, 200, 200, 200, 200, 200, 200, 200, 200, 200, 200, 200, 200, 200, 200, 200, 200, 200, 200, 200, 200, 200, 200, 200, 200, 200, 200, 200], "episode_rewards": [-1451.803111677254, -1870.4726058136528, -1730.0190673431684, -1681.8040134401888, -1615.1675054642956, -1786.3345777493348, -1810.9900566479607, -1758.9068129895468, -1709.4597879939715, -1819.5470936256684, -1659.3792203893408, -1601.0199398519055, -1355.7165495190973, -1546.4472289376108, -1508.9429630454379, -1636.2928332949452, -1621.574268906561, -1519.7862739061734, -1508.5833971145344, -1507.8782080595454, -1507.961185222221, -1305.9952054714374, -1316.962899408652, -1463.6893213046833, -1449.186893796155, -1645.6103679989887, -1411.0887954688012, -1505.8759309742352, -1278.8736760460533, -1502.4282007383492, -1634.7317730123514, -1393.2605135345304, -1417.57089325693, -1248.5369344324688, -1405.238841395233, -1567.2197250503577, -1611.5652424197829, -1550.7400003325802, -1520.5884201360718, -1555.7487372204753, -1567.2489881068395, -1482.496607188315, -1610.5593000952156, -1650.964672823277, -1348.0183294824028, -1616.848603813667, -1622.9641049120687, -1497.3896826283465, -1513.7470196624774, -1413.6879930081946, -1657.6541417087403, -1539.6939348534886, -1539.3536215034853, -1512.383179672306, -1511.1220146342994, -1533.6312155740652, -1498.026520822798, -1576.4539367729233, -1547.0415462998437, -1461.9194990756246, -1521.0154566094973, -1493.3229950250895, -923.8602552103597, -1526.5880340432343, -1507.7446752417227, -1227.9715745922629, -1492.0180963947016, -1642.6549606320586, -1630.0534555749064, -1636.9777531699392, -1562.3308877527868, -1443.6967264042019, -1161.9392727515888, -1382.8746844901623, -855.3343635210263, -1069.6881100128871, -1567.4609329703153, -1170.696986208742, -1520.3366846744266, -1549.2813559663684, -1376.6853701040834, -1386.2970738687382, -1313.361192180475, -1366.3726299052066, -1592.9727498917698, -1604.8013336291226, -1058.9211764789254, -1244.7519814649197, -1504.4675918830164, -657.9961326158159, -1365.0066897874271, -1534.7562112806825, -1454.7103284919506, -1397.195119301053, -1405.1398597298864, -1492.3003829978206, -1512.2422699691347, -1639.4258699269512, -1438.6127131358553, -1501.6013171847776], "episode_types": ["t", "t", "t", "t", "t", "t", "t", "t", "t", "t", "t", "t", "t", "t", "t", "t", "t", "t", "t", "t", "t", "t", "t", "t", "t", "t", "t", "t", "t", "t", "t", "t", "t", "t", "t", "t", "t", "t", "t", "t", "t", "t", "t", "t", "t", "t", "t", "t", "t", "t", "t", "t", "t", "t", "t", "t", "t", "t", "t", "t", "t", "t", "t", "t", "t", "t", "t", "t", "t", "t", "t", "t", "t", "t", "t", "t", "t", "t", "t", "t", "t", "t", "t", "t", "t", "t", "t", "t", "t", "t", "t", "t", "t", "t", "t", "t", "t", "t", "t", "t", "t"]}