{"initial_reset_timestamp": 1582109764.3650682, "timestamps": [1582109771.7874815, 1582109772.1652737, 1582109772.4796019, 1582109772.7679505, 1582109773.0546486, 1582109773.3400095, 1582109773.6292799, 1582109773.921771, 1582109774.2118254, 1582109774.5078907, 1582109779.4826217, 1582109780.156958, 1582109780.7707415, 1582109781.4414415, 1582109782.155847, 1582109782.8086123, 1582109783.6045527, 1582109784.4474053, 1582109785.2894254, 1582109786.184309], "episode_lengths": [200, 200, 200, 200, 200, 200, 200, 200, 200, 200, 200, 200, 200, 200, 200, 200, 200, 200, 200, 200], "episode_rewards": [-1545.0527422702041, -1791.8569741044748, -1829.07143796114, -1612.7460414705492, -1666.0790981404853, -1809.9839337502017, -1005.7723211596859, -1779.3055611955567, -897.5021016381168, -898.5302996908968, -1746.060853587552, -1159.0399764272229, -1635.815691756638, -1582.1553350015902, -1667.02659183762, -1435.4596966206286, -1533.3865076256548, -1489.0023433729486, -1496.0790449332735, -1452.8201672965463], "episode_types": ["t", "t", "t", "t", "t", "t", "t", "t", "t", "t", "t", "t", "t", "t", "t", "t", "t", "t", "t", "t"]}