{"initial_reset_timestamp": 1582292630.1532555, "timestamps": [1582292637.216026, 1582292637.5990767, 1582292637.8833706, 1582292638.1689844, 1582292638.4619756, 1582292638.7495813, 1582292639.0361757, 1582292639.3250287, 1582292639.6123798, 1582292639.8978374, 1582292644.376112, 1582292644.9599915, 1582292645.5380948, 1582292646.1201558, 1582292646.7079613, 1582292647.35063, 1582292647.9411151, 1582292648.737788, 1582292649.5669937, 1582292650.3758905, 1582292778.2022781, 1582292779.0237687, 1582292779.8316822, 1582292780.6448033, 1582292781.4579632, 1582292782.2693918, 1582292783.0773976, 1582292783.8715966, 1582292784.6747282, 1582292785.4922333, 1582292791.2553508, 1582292792.0568664, 1582292792.865431, 1582292793.6578405, 1582292794.4573505, 1582292795.2541137], "episode_lengths": [200, 200, 200, 200, 200, 200, 200, 200, 200, 200, 200, 200, 200, 200, 200, 200, 200, 200, 200, 200, 200, 200, 200, 200, 200, 200, 200, 200, 200, 200, 200, 200, 200, 200, 200, 200], "episode_rewards": [-1673.3022306845726, -1560.5060903041986, -1325.2606787748268, -1849.0305122241864, -1519.1498840807321, -1877.1176755112838, -1791.6394347799085, -1839.4810404085856, -1342.6272325875777, -1611.6569480880248, -967.5267899434436, -1715.970112922958, -1526.4737718092028, -1608.8015870004067, -1613.3967252424623, -1612.701367384816, -1138.6811244288144, -1418.7964908240697, -1559.0210349259642, -1641.783584566284, -1323.8445487267152, -1350.3342985323804, -1596.2692925338833, -1636.4100857426533, -1504.7015231129626, -1525.2864588386008, -1299.006599034289, -870.2345334103046, -1648.242604784086, -1190.4418208122706, -1314.0543839422396, -1647.1081784673856, -1498.1122687471245, -1644.2262615701493, -1422.882264865154, -1646.0938386132502], "episode_types": ["t", "t", "t", "t", "t", "t", "t", "t", "t", "t", "t", "t", "t", "t", "t", "t", "t", "t", "t", "t", "t", "t", "t", "t", "t", "t", "t", "t", "t", "t", "t", "t", "t", "t", "t", "t", "t"]}