{"initial_reset_timestamp": 1582291051.0817971, "timestamps": [1582291058.2224865, 1582291058.6152287, 1582291058.909217, 1582291059.207349, 1582291059.5253747, 1582291059.8287716, 1582291060.1332204, 1582291060.432471, 1582291060.7344894, 1582291061.0317845, 1582291065.673496, 1582291066.260165, 1582291066.9099765, 1582291067.7102034, 1582291068.524456, 1582291069.3250737, 1582291070.132089, 1582291070.9413962, 1582291071.8869784, 1582291072.7244756], "episode_lengths": [200, 200, 200, 200, 200, 200, 200, 200, 200, 200, 200, 200, 200, 200, 200, 200, 200, 200, 200, 200], "episode_rewards": [-1592.4907547290275, -1237.213018785191, -1114.253274705101, -1022.2486897477463, -1263.2820274423166, -1488.9676178251138, -1216.9452999173154, -1433.1174741202974, -1227.1149372939033, -1058.7029078833468, -1452.7664596272157, -1526.966887111857, -1573.9318496048468, -1527.5075317163164, -1548.6647483969173, -1650.6233910327037, -1595.1332550531815, -1375.3135213738217, -1492.6701040870146, -1514.2141437736702], "episode_types": ["t", "t", "t", "t", "t", "t", "t", "t", "t", "t", "t", "t", "t", "t", "t", "t", "t", "t", "t", "t"]}