state	action	state_	source_mean	source_var	plan_mean	plan_var
[1 0 0]	1.0	[0.99997188 0.00749993 0.15      ]	-0.10979024320840836	0.07974861562252045	0.09134083986282349	-0.10147218406200409
