state	action	state_	source_mean	source_var	plan_mean	plan_var
[1 0 0]	1.0	[0.99997188 0.00749993 0.15      ]	-0.04685983061790466	-0.03326086699962616	0.02753545343875885	-0.017163818702101707
