state	action	state_	source_mean	source_var	plan_mean	plan_var
[1 0 0]	1.0	[0.99997188 0.00749993 0.15      ]	-0.03263966739177704	-0.062396056950092316	-0.1514185220003128	-0.10591287910938263
