state	action	state_	source_mean	source_var	plan_mean	plan_var
[0 1 0]	1.5	[-0.04873069  0.99881195  0.975     ]	0.1674945056438446	0.09336245059967041	0.10112887620925903	-0.05124320089817047
