epoch	avg_score	avg_Q	empowerment
0	-1252.4811296033322	0.001558816134929657	0.12935389578342438
