epoch	avg_score	avg_Q	empowerment
0	-1449.7149941318673	-0.0016235579550266267	0.09794135391712189
