epoch	avg_score	avg_Q	empowerment
0	-1262.9832817296976	-0.0004330451786518097	-0.005801955237984657
1	-1465.2009217042917	0.5897133287123179	0.002211852464824915
