epoch	avg_score	avg_Q	empowerment
0	-1171.1152906920483	0.0006284044682979584	-0.21948757767677307
