epoch	avg_score	avg_Q	empowerment
0	-1164.6488024896264	-0.0008843350410461426	-0.027825331315398216
1	-1397.7525186489277	0.6964615037328987	-0.029367532581090927
