avg_Q	avg_score	empowerment	epoch
-0.0024617764353752135	-1334.4607483537402	277.57574462890625	0
-0.12966443290281912	-1495.197004264947	3125.676025390625	1
2.1540354378242914	-1447.0660810637758	8487.6318359375	2
