epoch	avg_score	avg_Q	empowerment
0	-1235.8588967771122	-0.010155781507492065	0.036894552409648895
