epoch	avg_score	avg_Q	empowerment
0	-1271.098956497647	0.0045734959840774535	-0.07718005031347275
1	-1408.935126227645	0.7933240728043266	
