epoch	avg_score	avg_Q	empowerment
0	-1407.4710624421393	0.0007921334356069565	-0.005899159237742424
