epoch	avg_score	avg_Q	empowerment
0	-1264.0684953436912	-0.000300351120531559	0.04392582178115845
