{"initial_reset_timestamp": 1581946206.0480533, "timestamps": [1581946213.413239, 1581946213.8257504, 1581946214.1201594, 1581946214.4148483, 1581946214.709384, 1581946215.0046983, 1581946215.298368, 1581946215.5912359, 1581946215.891388, 1581946216.1857545, 1581946220.7564461, 1581946221.3756905, 1581946222.0782936, 1581946222.8727806, 1581946223.6870437, 1581946224.478739, 1581946225.2899823, 1581946226.076026, 1581946226.8525436, 1581946227.6436577, 1581946233.1413498, 1581946233.906564, 1581946234.7117894, 1581946235.5047338, 1581946236.2809272, 1581946237.0588129, 1581946237.8345053, 1581946238.6165955, 1581946239.4708035, 1581946240.2534242, 1581946245.878561, 1581946246.681306, 1581946247.4568946, 1581946248.2199178, 1581946248.9914007, 1581946249.7756507, 1581946250.543687, 1581946251.3114343, 1581946252.0751197, 1581946252.8359532, 1581946258.5126312, 1581946259.3114662, 1581946260.101152, 1581946260.9311903, 1581946262.9362605, 1581946264.244365, 1581946265.0592802, 1581946265.8342404, 1581946266.607894, 1581946267.3776433, 1581946272.9251707, 1581946273.717469, 1581946274.540906, 1581946275.3454444, 1581946276.1145818, 1581946276.8864892, 1581946277.657768, 1581946278.4420035, 1581946279.241163, 1581946280.0175862, 1581946285.5064, 1581946286.3125217, 1581946287.174091, 1581946287.9761956, 1581946288.7499478, 1581946289.5782874, 1581946290.3985622, 1581946291.192751, 1581946292.0091934, 1581946292.8093278, 1581946298.4608152, 1581946299.2779763, 1581946300.097493, 1581946300.9021144, 1581946301.6905758, 1581946302.4906704, 1581946303.3818283, 1581946304.172866, 1581946304.9541314, 1581946305.7568245, 1581946311.2127233, 1581946311.9899359, 1581946312.7822347, 1581946313.5776744, 1581946314.361688, 1581946315.1578975, 1581946315.9740982, 1581946316.7882347, 1581946317.579976, 1581946318.368532, 1581946323.9001884, 1581946324.6895375, 1581946325.4788861, 1581946326.264327, 1581946327.0571313, 1581946327.84848, 1581946328.6498568, 1581946329.4539385, 1581946330.2542543, 1581946331.0423486, 1581946342.7033067, 1581946343.3876004, 1581946344.0261042, 1581946344.7026238, 1581946345.5160556, 1581946346.3400166, 1581946347.1374965, 1581946347.9219096, 1581946348.709921, 1581946349.511424, 1581946355.0680537, 1581946355.8552735, 1581946356.6435385, 1581946357.4526663, 1581946358.274768, 1581946359.1080027, 1581946359.8974152, 1581946360.715452, 1581946361.549864, 1581946362.3758736, 1581946367.9368594, 1581946368.7558076, 1581946369.5545413, 1581946370.3341572, 1581946371.103574, 1581946371.8804646, 1581946372.6606746, 1581946373.4347339, 1581946374.2096405, 1581946374.9794009, 1581946380.5572848, 1581946381.370616, 1581946382.162997, 1581946382.9905293, 1581946383.774636, 1581946384.5544107, 1581946385.3300402, 1581946386.1057882, 1581946386.8948927, 1581946387.6736999, 1581946393.141649, 1581946393.9270504, 1581946394.7207794, 1581946395.5093062, 1581946396.2964795, 1581946397.0838864, 1581946397.8655715, 1581946398.6792498, 1581946399.5354643, 1581946400.3800526, 1581946406.0239182, 1581946406.820578, 1581946407.5975277, 1581946408.417926, 1581946409.1897376, 1581946409.9665892, 1581946410.8008192, 1581946411.6219978, 1581946412.4127328, 1581946413.1968164, 1581946418.7460463, 1581946419.5718162, 1581946420.3933275, 1581946421.1767995, 1581946421.9890957, 1581946422.7869208, 1581946423.5785644, 1581946424.4780161, 1581946425.287668, 1581946426.0894449, 1581946431.7968655, 1581946432.6085255, 1581946433.415089, 1581946435.2341402, 1581946437.2780008, 1581946438.2134132, 1581946439.1378453, 1581946439.9785106, 1581946440.9033957, 1581946441.7451112, 1581946448.2048752, 1581946449.0711527, 1581946449.8608465, 1581946450.691214, 1581946451.5004156, 1581946452.3269742, 1581946453.1684155, 1581946454.0403697, 1581946454.8852327, 1581946455.670651, 1581946461.3757248, 1581946462.1993484, 1581946462.9920876, 1581946463.778132, 1581946464.5856915, 1581946465.388226, 1581946466.191973, 1581946466.9769015, 1581946467.7879527, 1581946468.5778728, 1581946480.317486, 1581946481.0526965, 1581946481.6950097, 1581946482.3809211, 1581946483.176373, 1581946484.0401292, 1581946484.8583603, 1581946485.6609635, 1581946486.4970417, 1581946487.297281, 1581946493.0294828, 1581946493.8375967, 1581946494.7348168, 1581946495.7578802, 1581946496.6544228, 1581946497.5646098, 1581946498.5638075, 1581946499.377818, 1581946500.159578, 1581946500.9884892], "episode_lengths": [200, 200, 200, 200, 200, 200, 200, 200, 200, 200, 200, 200, 200, 200, 200, 200, 200, 200, 200, 200, 200, 200, 200, 200, 200, 200, 200, 200, 200, 200, 200, 200, 200, 200, 200, 200, 200, 200, 200, 200, 200, 200, 200, 200, 200, 200, 200, 200, 200, 200, 200, 200, 200, 200, 200, 200, 200, 200, 200, 200, 200, 200, 200, 200, 200, 200, 200, 200, 200, 200, 200, 200, 200, 200, 200, 200, 200, 200, 200, 200, 200, 200, 200, 200, 200, 200, 200, 200, 200, 200, 200, 200, 200, 200, 200, 200, 200, 200, 200, 200, 200, 200, 200, 200, 200, 200, 200, 200, 200, 200, 200, 200, 200, 200, 200, 200, 200, 200, 200, 200, 200, 200, 200, 200, 200, 200, 200, 200, 200, 200, 200, 200, 200, 200, 200, 200, 200, 200, 200, 200, 200, 200, 200, 200, 200, 200, 200, 200, 200, 200, 200, 200, 200, 200, 200, 200, 200, 200, 200, 200, 200, 200, 200, 200, 200, 200, 200, 200, 200, 200, 200, 200, 200, 200, 200, 200, 200, 200, 200, 200, 200, 200, 200, 200, 200, 200, 200, 200, 200, 200, 200, 200, 200, 200, 200, 200, 200, 200, 200, 200, 200, 200, 200, 200, 200, 200, 200, 200, 200, 200, 200, 200, 200, 200, 200, 200, 200, 200, 200, 200],