{"initial_reset_timestamp": 1582290939.7770903, "timestamps": [1582290946.877435, 1582290947.222428, 1582290947.507006, 1582290947.7943707, 1582290948.0799842, 1582290948.367725, 1582290948.65466, 1582290948.9296877, 1582290949.211269, 1582290949.4885266, 1582290954.1655128, 1582290954.7768633, 1582290955.396064, 1582290956.0092642, 1582290956.630656, 1582290957.2546122, 1582290957.8745084, 1582290958.4881215, 1582290959.1426098, 1582290959.9064283], "episode_lengths": [200, 200, 200, 200, 200, 200, 200, 200, 200, 200, 200, 200, 200, 200, 200, 200, 200, 200, 200, 200], "episode_rewards": [-1582.0048574534292, -1512.077738963129, -1524.9083165910504, -1480.2794364162, -1558.6812847756164, -1286.7544927390757, -1467.9393665853088, -1192.2513348668945, -1180.9823678237535, -1499.846485591734, -1296.4535922628545, -1526.9100525940405, -1551.1686657569169, -1572.6656350291466, -1420.4805159131363, -1461.6929853994818, -1746.9240169335817, -1778.7390456796043, -1641.1447943253463, -1521.8903968884129], "episode_types": ["t", "t", "t", "t", "t", "t", "t", "t", "t", "t", "t", "t", "t", "t", "t", "t", "t", "t", "t", "t"]}