{"initial_reset_timestamp": 1582538064.7181964, "timestamps": [1582538072.4477732, 1582538075.0847664, 1582538103.5831664, 1582538105.415954, 1582538111.2299664, 1582538111.6790197, 1582538112.1312294, 1582538112.589516, 1582538113.0418155, 1582538113.49235, 1582538124.366654, 1582538125.3531399, 1582538126.3366518, 1582538127.3518114, 1582538128.3519714, 1582538129.3545408, 1582538130.3535001, 1582538131.3560128, 1582538132.3849437, 1582538133.4630342, 1582538145.449255, 1582538146.493466, 1582538147.5204966, 1582538148.7537992, 1582538150.0338125, 1582538151.2690713, 1582538152.499104, 1582538153.724886, 1582538154.960206, 1582538156.1868978, 1582539054.6528397, 1582539055.5360444, 1582539056.4274282, 1582539057.317817, 1582539058.3409991, 1582539059.3310728, 1582539060.316481, 1582539061.2516634, 1582539062.2049546, 1582539063.2158053, 1582539070.2749984, 1582539071.274817, 1582539072.2736332, 1582539073.3472524, 1582539074.595019, 1582539075.8382788, 1582539077.0812576, 1582539078.32138, 1582539079.5669484, 1582539080.8092954, 1582539242.9249253, 1582539243.9000614, 1582539244.869826, 1582539245.8851995, 1582539246.930529, 1582539247.937672, 1582539248.912301, 1582539249.9072158, 1582539250.8812025, 1582539251.858995, 1582539258.701413, 1582539259.7661593, 1582539261.0196047, 1582539262.2669702, 1582539263.8112185, 1582539265.140146, 1582539266.4130058, 1582539267.6797814, 1582539268.9965575, 1582539270.2785733, 1582539277.8134599, 1582539278.8795557, 1582539280.1589763, 1582539281.4278169, 1582539282.6912522, 1582539283.9957159, 1582539285.2641587, 1582539286.5311058, 1582539287.8141055, 1582539289.066034, 1582539296.3752456, 1582539297.5599818, 1582539298.8354888, 1582539300.1168308, 1582539301.3822587, 1582539302.661595, 1582539303.9714305, 1582539305.237474, 1582539306.511483, 1582539307.768421, 1582539327.0474768, 1582539328.0359495, 1582539328.9948418, 1582539329.9507027, 1582539330.907266, 1582539331.858862, 1582539332.821533, 1582539333.9998345, 1582539335.1978662, 1582539343.148493, 1582539447.920258, 1582539456.6297235, 1582539461.6337366, 1582539464.4849472, 1582539466.7221358, 1582539468.950066, 1582539470.4891968, 1582539472.0405095, 1582539473.3109086, 1582539474.726657, 1582539500.603082, 1582539502.3726587, 1582539503.8453388, 1582539505.3307476, 1582539506.8511593, 1582539508.3627799, 1582539509.827567, 1582539511.3182397, 1582539512.903073, 1582539514.58411, 1582539531.8838766, 1582539532.9141164, 1582539533.9711883, 1582539534.9775355, 1582539535.9525282, 1582539537.016751, 1582539538.0691085, 1582539539.1431046, 1582539540.2144856, 1582539541.487895, 1582539547.8669825, 1582539548.9371245, 1582539550.0633724, 1582539551.1874337, 1582539552.3238678, 1582539553.4515128, 1582539554.5806265, 1582539555.7039864, 1582539556.87867, 1582539557.9957244, 1582539566.2192347, 1582539567.309576, 1582539568.4129167, 1582539569.602343, 1582539570.8571348, 1582539572.0927901, 1582539573.4696033, 1582539574.8183513, 1582539575.9754562, 1582539577.257275, 1582539641.5126455, 1582539642.5966153, 1582539643.6982608, 1582539644.7311099, 1582539645.8375766, 1582539647.0955667, 1582539649.565516, 1582539651.2036147, 1582539652.4710872, 1582539653.75302], "episode_lengths": [200, 200, 200, 200, 200, 200, 200, 200, 200, 200, 200, 200, 200, 200, 200, 200, 200, 200, 200, 200, 200, 200, 200, 200, 200, 200, 200, 200, 200, 200, 200, 200, 200, 200, 200, 200, 200, 200, 200, 200, 200, 200, 200, 200, 200, 200, 200, 200, 200, 200, 200, 200, 200, 200, 200, 200, 200, 200, 200, 200, 200, 200, 200, 200, 200, 200, 200, 200, 200, 200, 200, 200, 200, 200, 200, 200, 200, 200, 200, 200, 200, 200, 200, 200, 200, 200, 200, 200, 200, 200, 200, 200, 200, 200, 200, 200, 200, 200, 200, 200, 200, 200, 200, 200, 200, 200, 200, 200, 200, 200, 200, 200, 200, 200, 200, 200, 200, 200, 200, 200, 200, 200, 200, 200, 200, 200, 200, 200, 200, 200, 200, 200, 200, 200, 200, 200, 200, 200, 200, 200, 200, 200, 200, 200, 200, 200, 200, 200, 200, 200, 200, 200, 200, 200, 200, 200, 200, 200, 200, 200], "episode_rewards": [-1482.7427729701071, -1360.6815317131209, -1342.5075444484135, -1330.0723394360832, -1250.0759537846202, -1406.998759515614, -1425.812519330844, -1520.840139291435, -1482.0827776574495, -1515.7383397197684, -1530.6962355609417, -1549.7661081156239, -1350.9471232599703, -1586.2539052561906, -1304.039678802618, -1791.3719232477233, -1661.0406361813048, -1523.0541082239802, -1452.8281596613235, -1521.6652361524466, -1515.6350117436841, -1435.311292192659, -1498.3055402183008, -1433.4696445976745, -1453.6480636008005, -921.8926993918197, -1289.6900063493392, -1323.0962535810472, -1304.8843537371795, -1354.4586860958136, -1282.9372256056945, -1277.1521315144835, -1268.2858192089136, -1315.0785416937188, -1347.23161514725, -1162.8654258334932, -1287.340172797682, -1360.571886582201, -1273.7810357802598, -1238.4878762587298, -1442.230885325433, -1233.0261234556926, -1133.9231411321637, -1499.93313948352, -1106.996341483964, -1106.7969713816858, -937.6978620489567, -1316.9808894173536, -1204.6244503274302, -1441.5224578900136, -1324.1839422188239, -1495.3863788897881, -1115.8011836629792, -1189.0534688360865, -1084.9662509372986, -997.7571550838774, -1477.3570069804387, -1493.109181264663, -983.8072305478584, -1069.400910184524, -1226.5099437648985, -846.1204394931885, -761.6546409089918, -1495.7211517238143, -659.4717728551441, -651.8218221393648, -1510.103418019703, -1500.7390303609736, -648.8265072272119, -656.6832395164254, -1306.9417718158218, -659.2227559904719, -1110.9768458172432, -659.0388513083305, -1266.7335136521842, -659.2065573296185, -1471.0409022421054, -1056.877827112923, -1067.6213215527484, -1189.7251470850656, -1271.3230785155783, -658.3780265760107, -656.7537939922445, -1210.2235245708803, -1198.6275833996617, -1496.1068929604417, -1070.9309895000538, -576.3233388900991, -653.7856663105736, -1304.0244097700117, -1076.3133497703475, -1319.202217892829, -1252.0293366006301, -655.7453885960168, -958.4353039140411, -967.0839628023878, -1518.0707775925152, -633.2522042076466, -1057.3322029534202, -1492.441883756898, -1117.3282020550253, -1516.4964569232461, -1049.0435652922524, -1073.1624864099076, -956.8147991163974, -1235.1148015101232, -1375.967271579331, -1441.603491410979, -1053.5133486272032, -1066.1129083426865, -1070.7031269574752, -851.8614764229686, -1501.9908393499727, -1303.912297087188, -696.2497843588736, -1496.3510017027759, -993.936733627092, -1020.581716772159, -691.9958799073979, -685.5235862389634, -672.2384360223189, -1371.7782575936012, -664.2647897424072, -1498.4261535246417, -1005.9583279679318, -663.9870338457985, -1322.481017791688, -1503.8919688159851, -1053.998368343411, -649.4552854416378, -1342.9336594619617, -1494.831402139749, -984.6445315376211, -645.7472381606362, -1525.2736723649973, -1040.369318350719, -1151.9838340503884, -1500.701400511627, -667.3306364332152, -664.1629000329747, -1497.499681782277, -653.1193923191045, -1290.3440201093517, -1506.635820974466, -984.4493509903223, -652.4034127451754, -1065.1070488080388, -1065.2373449165252, -540.688110496072, -1371.6652246282435, -968.9306426061363, -1420.3881675232128, -575.0594825603889, -657.9479851104969, -1195.7885756944863, -850.6982676829234, -1441.923003843992, -1525.795935891306, -1242.8105082329516, -942.1731815144163],