{"initial_reset_timestamp": 1582298973.8887827, "timestamps": [1582298981.0455928, 1582298981.4717278, 1582298982.058854, 1582298982.5014179, 1582298982.8263254, 1582298983.1392078, 1582298983.471961, 1582298983.792288, 1582298984.1032317, 1582298984.4147522, 1582298989.1730537, 1582298989.8640804, 1582298990.5574095, 1582298991.233979, 1582298991.907349, 1582298992.6103928, 1582298993.480312, 1582298994.4054053, 1582298995.3238564, 1582298996.2370908, 1582299001.8813145, 1582299002.7370758, 1582299003.5634353, 1582299004.3482852, 1582299005.1646729, 1582299005.985061, 1582299006.7988827, 1582299007.629627, 1582299008.4425306, 1582299009.259836, 1582299015.0064142, 1582299015.7645094, 1582299016.524097, 1582299017.277451, 1582299018.0313354, 1582299018.7861, 1582299019.549231, 1582299020.3013783, 1582299021.0511847, 1582299021.8056502, 1582299027.6477065, 1582299028.4516025, 1582299029.253754, 1582299030.0571241, 1582299030.8602207, 1582299031.6847248, 1582299032.4957893, 1582299033.3063982, 1582299034.0898244, 1582299035.0281415, 1582299040.9473047, 1582299041.861206, 1582299042.7627625, 1582299043.6269221, 1582299044.5097454, 1582299045.3556187, 1582299046.1914673, 1582299046.9991555, 1582299047.8794317, 1582299048.7414014, 1582299054.5984712, 1582299055.93326, 1582299057.158717, 1582299058.195468, 1582299059.048107, 1582299059.9025831, 1582299060.7788005, 1582299061.6317267, 1582299062.4917822, 1582299063.3439033, 1582299069.2331264, 1582299070.1076322, 1582299070.9721792, 1582299071.8091266, 1582299072.641031, 1582299073.4557848, 1582299074.3027694, 1582299075.1268187, 1582299075.9318526, 1582299076.7310581, 1582299083.6029646, 1582299084.458442, 1582299085.301095, 1582299086.197907, 1582299087.0673559, 1582299087.9206614, 1582299088.7663627, 1582299089.6105778, 1582299090.441637, 1582299091.2888305, 1582299097.1420019, 1582299097.9795585, 1582299098.8112032, 1582299099.640344, 1582299100.4684088, 1582299101.301053, 1582299102.1385767, 1582299102.9691474, 1582299103.788183, 1582299104.6282253, 1582299116.7359455, 1582299117.6467414, 1582299118.577605, 1582299119.4423325, 1582299120.2374322, 1582299121.0319386, 1582299121.8255768, 1582299122.6586843, 1582299123.4977283, 1582299124.3093338, 1582299132.893597, 1582299135.377656, 1582299136.9091566, 1582299138.3359125, 1582299139.1580594, 1582299140.0220487, 1582299140.87851, 1582299141.7538495, 1582299142.70641, 1582299143.6322808, 1582299149.640138, 1582299150.4789226, 1582299151.293646, 1582299152.10167, 1582299152.9049067, 1582299153.7258453, 1582299154.5306194, 1582299155.3427455, 1582299156.1811125, 1582299156.9702332, 1582299163.5038214, 1582299164.334467, 1582299165.1570504, 1582299166.0614297, 1582299166.8894885, 1582299168.0081306, 1582299169.1691353, 1582299170.2934391, 1582299171.3704329, 1582299173.0799115, 1582299181.737708, 1582299182.566318, 1582299183.4382467, 1582299184.2250948, 1582299185.0193346, 1582299185.9994426, 1582299186.8595989, 1582299187.686381, 1582299188.4426925, 1582299189.2006521, 1582299195.198447, 1582299196.0008633, 1582299196.8706768, 1582299197.6960406, 1582299198.5357358, 1582299199.35964, 1582299200.2109492, 1582299201.0639436, 1582299201.90889, 1582299202.720826, 1582299208.8576753, 1582299209.6599596, 1582299210.456762, 1582299211.2487862, 1582299212.0569665, 1582299212.8813999, 1582299213.7310185, 1582299214.608634, 1582299215.7341585, 1582299216.9956217, 1582299223.1307468, 1582299224.2273252, 1582299225.7224557, 1582299226.6440465, 1582299227.4511309, 1582299228.2633185, 1582299229.102967, 1582299229.9449692, 1582299230.737459, 1582299231.5373373, 1582299237.6159017, 1582299238.4089415, 1582299239.227497, 1582299240.0467455, 1582299240.8802772, 1582299241.7311964, 1582299242.582093, 1582299243.4249046, 1582299244.2449677, 1582299245.0700219, 1582299251.0385187, 1582299251.8497176, 1582299252.664649, 1582299253.4804652, 1582299254.3106763, 1582299255.392226, 1582299256.3853536, 1582299257.1689134, 1582299258.083311, 1582299258.9142406, 1582299271.4471025, 1582299272.2953537, 1582299273.149206, 1582299273.956974, 1582299274.774056, 1582299275.5577588, 1582299276.3425124, 1582299277.093725, 1582299277.9549608, 1582299278.7623665, 1582299285.1650658, 1582299286.02855, 1582299286.8620584, 1582299287.704049, 1582299288.5483983, 1582299289.4594018, 1582299290.6656742, 1582299291.4757566, 1582299292.297847, 1582299293.1129644, 1582299299.4864962, 1582299300.3453887, 1582299301.2322788, 1582299302.0202854, 1582299302.8731136, 1582299303.7449403, 1582299304.8397138, 1582299305.6414726, 1582299306.4178681, 1582299307.2340796, 1582299313.5843356, 1582299314.4630516, 1582299315.3341668, 1582299316.207859, 1582299317.0696025, 1582299317.9127376, 1582299318.7674315, 1582299319.6298885, 1582299320.46009, 1582299321.7964005, 1582299327.8243632, 1582299328.6239257, 1582299329.4893534, 1582299330.2930222, 1582299331.1479716, 1582299331.9826617, 1582299332.8814504, 1582299334.0326586, 1582299334.970009, 1582299335.7992425, 1582299341.6031392, 1582299342.4283996, 1582299343.366027, 1582299344.646784, 1582299345.9632406, 1582299346.9385452, 1582299347.8744159, 1582299348.6816354, 1582299349.4944732, 1582299350.3039336, 1582299355.9508262, 1582299356.7745, 1582299357.5919244, 1582299358.4187994, 1582299359.184525, 1582299359.9801362, 1582299360.7932532, 1582299361.622305, 1582299362.4391327, 1582299363.2636523, 1582299368.9058316, 1582299369.7053893, 1582299370.5047095, 1582299371.3010373, 1582299372.098524, 1582299372.8993511, 1582299373.7038414, 1582299374.5964253, 1582299375.4762123, 1582299376.2726407, 1582299381.9823234, 1582299382.8175344, 1582299383.6369603, 1582299384.4582994, 1582299385.2693982, 1582299386.0850072, 1582299386.9790123, 1582299387.8276129, 1582299389.3088489, 1582299390.3724618, 1582299396.9806464, 1582299397.870015, 1582299398.7127833, 1582299399.516608, 1582299400.3237178, 1582299401.1498997, 1582299401.9559574, 1582299402.7518656, 1582299403.5732229, 1582299404.4013975, 1582299416.3847308, 1582299417.1150715, 1582299417.7957628, 1582299418.4846008, 1582299419.2013803, 1582299419.9988015, 1582299420.7861161, 1582299421.6181006, 1582299422.460187, 1582299423.2808897, 1582299428.9395359, 1582299429.7035058, 1582299430.460706, 1582299431.2213914, 1582299431.9690049, 1582299432.7215245, 1582299433.472224, 1582299434.21707, 1582299435.2281878, 1582299436.1039462, 1582299442.089157, 1582299442.9429646, 1582299443.7054813, 1582299444.4755747, 1582299445.221064, 1582299445.9766314, 1582299446.7829459, 1582299447.658508, 1582299448.4959624, 1582299449.340831],