{"initial_reset_timestamp": 1582115171.9459965, "timestamps": [1582115179.0030537, 1582115179.3784478, 1582115179.6579661, 1582115179.9377222, 1582115180.219355, 1582115180.5195453, 1582115180.864449, 1582115181.1644454, 1582115181.4685445, 1582115181.7633808], "episode_lengths": [200, 200, 200, 200, 200, 200, 200, 200, 200, 200], "episode_rewards": [-1798.0525568745466, -1353.7900194571623, -1345.6405648507753, -1344.6236965677197, -1178.7378694786398, -1461.450564006921, -1344.410496139196, -1836.309260632823, -1270.7812876038445, -1134.378857754789], "episode_types": ["t", "t", "t", "t", "t", "t", "t", "t", "t", "t"]}