{"timestamps": [1579784623.3182378, 1579784623.6214986, 1579784623.8254883, 1579784624.0265994, 1579784624.2284, 1579784624.4299219, 1579784624.6309636, 1579784624.8354886, 1579784625.0374422, 1579784625.2503662, 1579784627.931922, 1579784628.7697282, 1579784629.6020696, 1579784630.7373686, 1579784632.3333402, 1579784633.1959186, 1579784634.1147995, 1579784635.1254406, 1579784635.972392, 1579784636.825627, 1579784639.1478574, 1579784639.7208397, 1579784640.272074, 1579784640.9797776, 1579784641.8120854, 1579784642.6468313, 1579784643.5340092, 1579784644.4270127, 1579784645.995332, 1579784647.0591688, 1579784650.7930257, 1579784651.5103068, 1579784652.516516, 1579784653.2573905, 1579784654.1709015, 1579784654.9430945, 1579784656.5194714, 1579784657.1092248, 1579784657.6656635, 1579784658.5274448, 1579784661.3579316, 1579784662.0635145, 1579784662.6978395, 1579784663.293592, 1579784664.4053383, 1579784665.388312, 1579784666.3866632, 1579784667.6839294, 1579784668.4723673, 1579784669.7183352, 1579784673.266942, 1579784674.6370356, 1579784675.5431912, 1579784676.383857, 1579784677.2594213, 1579784678.5397236, 1579784679.8875532, 1579784681.2690966, 1579784682.257743, 1579784683.6395197, 1579784687.438793, 1579784688.0716412, 1579784688.6238043, 1579784689.1787899, 1579784689.7380211, 1579784690.2877586, 1579784690.8480575, 1579784691.4331758, 1579784692.0418723], "initial_reset_timestamp": 1579784619.6221547, "episode_rewards": [-1486.9587193049842, -1343.6174497580093, -1361.090198184545, -1309.1353601533206, -1363.4413686049445, -1357.5410815027046, -1361.3720330688752, -1334.6111328518432, -1324.897396046606, -1466.1629480416045, -1405.0653515573365, -1367.0692953173561, -1601.9835301292444, -1640.1911512150682, -1881.057356744595, -1704.30451379189, -1760.5307884544652, -1563.098516785935, -1551.5926575256613, -1662.4304107032433, -1618.234268950338, -1502.8332954706927, -1452.40854104376, -1473.8915956234528, -1356.9199350683107, -1322.6578751689306, -1513.217677933428, -973.9543469028765, -1391.2204115718098, -1357.2910333064096, -1249.8976382653093, -1563.410486519, -1162.4718511592614, -908.3572147720644, -732.608147731216, -790.8371931346177, -965.1803591082488, -963.909840404166, -1041.852429258589, -921.8733878243982, -1023.2580869982086, -976.9645396849555, -907.6983071545154, -890.1574803125941, -928.5572370950049, -822.4267195303369, -954.0391831929817, -954.9660469815954, -1493.4772974089817, -1171.0093533480922, -1203.8232063034216, -795.7754719508042, -893.5293589265948, -994.3509869611493, -945.0440470360384, -991.5896964786672, -809.4403520227911, -733.5652695943867, -1493.9651400214736, -680.5608636929261, -804.419866289166, -670.9132669981253, -669.8269795395237, -603.7795301743078, -824.3006736017419, -665.6148803023614, -718.5506278538694, -672.8081572408041, -637.8783387194002], "episode_lengths": [200, 200, 200, 200, 200, 200, 200, 200, 200, 200, 200, 200, 200, 200, 200, 200, 200, 200, 200, 200, 200, 200, 200, 200, 200, 200, 200, 200, 200, 200, 200, 200, 200, 200, 200, 200, 200, 200, 200, 200, 200, 200, 200, 200, 200, 200, 200, 200, 200, 200, 200, 200, 200, 200, 200, 200, 200, 200, 200, 200, 200, 200, 200, 200, 200, 200, 200, 200, 200], "episode_types": ["t", "t", "t", "t", "t", "t", "t", "t", "t", "t", "t", "t", "t", "t", "t", "t", "t", "t", "t", "t", "t", "t", "t", "t", "t", "t", "t", "t", "t", "t", "t", "t", "t", "t", "t", "t", "t", "t", "t", "t", "t", "t", "t", "t", "t", "t", "t", "t", "t", "t", "t", "t", "t", "t", "t", "t", "t", "t", "t", "t", "t", "t", "t", "t", "t", "t", "t", "t", "t", "t"]}