{"initial_reset_timestamp": 1582208199.030148, "timestamps": [1582208206.071467, 1582208206.434678, 1582208206.7247255, 1582208207.0146177, 1582208207.3047755, 1582208207.5957258, 1582208207.8869941, 1582208208.1782153, 1582208208.468818, 1582208208.7613487, 1582208213.3549206, 1582208214.1080053, 1582208214.7388148, 1582208215.4215937, 1582208216.2103393, 1582208217.0165179, 1582208217.839089, 1582208218.6129644, 1582208219.404992, 1582208220.2146056, 1582208225.6530056, 1582208226.4202907, 1582208227.189318, 1582208227.961904, 1582208228.753072, 1582208229.5385242, 1582208230.331321, 1582208231.142252, 1582208231.933792, 1582208232.7242596, 1582208238.1225946, 1582208238.9062426, 1582208239.725905, 1582208240.5400476, 1582208241.3449514, 1582208242.1345303, 1582208242.933399, 1582208243.7296884, 1582208244.5380929, 1582208245.3454714, 1582208252.0268507, 1582208252.816249, 1582208253.605909, 1582208254.391128, 1582208255.2105958, 1582208255.9955082, 1582208256.7767518, 1582208257.5580192, 1582208258.3343742, 1582208259.1262715], "episode_lengths": [200, 200, 200, 200, 200, 200, 200, 200, 200, 200, 200, 200, 200, 200, 200, 200, 200, 200, 200, 200, 200, 200, 200, 200, 200, 200, 200, 200, 200, 200, 200, 200, 200, 200, 200, 200, 200, 200, 200, 200, 200, 200, 200, 200, 200, 200, 200, 200, 200, 200], "episode_rewards": [-1267.3606592755493, -1611.9856425622058, -1051.307160868911, -1055.4553402892682, -856.3696645127104, -1268.6922410986112, -1057.53938514153, -1039.2173729111425, -1025.3665428189383, -1052.9577735657488, -1786.275528331902, -1642.056436767035, -1586.3739350789604, -1575.0838267965828, -1548.3618006570894, -1477.464521590175, -1465.0514608863543, -1229.163355675041, -1343.9726147416993, -1458.7734552287684, -1442.0426260005202, -1313.8369133146045, -1271.7733484733033, -1567.9629100787424, -1614.0131030171, -1526.0287275557102, -1449.5972574022403, -1637.803951911587, -1501.5093386592987, -1204.0940765730097, -1646.4313485282905, -1552.9470983200715, -1602.083375925525, -1498.6272537171048, -1498.9812407933855, -1636.9550087332398, -1594.1309830661844, -1548.050170336447, -1598.2692911574427, -1651.7934814369044, -1630.9143594492423, -1647.906065460936, -1526.180845270532, -1643.0754384575532, -1590.1438482345284, -1552.5915046082105, -1654.539936198453, -1590.669176573222, -1511.548329519044, -1578.4990169562207], "episode_types": ["t", "t", "t", "t", "t", "t", "t", "t", "t", "t", "t", "t", "t", "t", "t", "t", "t", "t", "t", "t", "t", "t", "t", "t", "t", "t", "t", "t", "t", "t", "t", "t", "t", "t", "t", "t", "t", "t", "t", "t", "t", "t", "t", "t", "t", "t", "t", "t", "t", "t"]}