{"initial_reset_timestamp": 1582208312.3522258, "timestamps": [1582208319.414971, 1582208319.783685, 1582208320.0770278, 1582208320.372388, 1582208320.6671455, 1582208320.9602191, 1582208321.2557952, 1582208321.5507045, 1582208321.8441644, 1582208322.1382635, 1582208326.593653, 1582208327.209066, 1582208327.82585, 1582208328.4416056, 1582208329.059459, 1582208329.6799104, 1582208330.3151374, 1582208331.0275102, 1582208331.809181, 1582208332.5942035, 1582208338.1034038, 1582208338.8793814, 1582208339.651061, 1582208340.451397, 1582208341.2457259], "episode_lengths": [200, 200, 200, 200, 200, 200, 200, 200, 200, 200, 200, 200, 200, 200, 200, 200, 200, 200, 200, 200, 200, 200, 200, 200, 200], "episode_rewards": [-1500.7188130067102, -1422.9722370213174, -1435.284215652765, -1390.1185692679828, -1332.3894739546554, -1309.0332643253823, -1339.2976051260478, -1442.1426045713356, -1423.3816772497132, -1533.8487067121055, -1489.2483047478959, -1525.9671224232952, -1605.1313388303129, -1188.1600540661154, -1566.301767998596, -1131.3488256402577, -1668.9731777973072, -1549.9622791894565, -1549.4130208716886, -1490.5067146453214, -1516.8194727757618, -1512.2236183545676, -1527.7916185659255, -1162.5349489897726, -1209.6708297977787], "episode_types": ["t", "t", "t", "t", "t", "t", "t", "t", "t", "t", "t", "t", "t", "t", "t", "t", "t", "t", "t", "t", "t", "t", "t", "t", "t", "t"]}