{"initial_reset_timestamp": 1581041778.5007448, "timestamps": [1581041785.8756356, 1581041786.2229643, 1581041786.5151174, 1581041786.808266, 1581041787.1012096, 1581041787.3937657, 1581041787.6852233, 1581041787.9783444, 1581041788.2714553, 1581041788.562963, 1581041793.745634, 1581041794.425966, 1581041795.099435, 1581041795.7726398, 1581041796.5330443, 1581041797.2918658, 1581041798.04646, 1581041798.800645, 1581041799.5562618, 1581041800.3140004, 1581041805.6400952, 1581041806.4049885, 1581041807.1692173, 1581041807.9415812, 1581041808.7170427, 1581041809.487994, 1581041810.2576947, 1581041811.0248623, 1581041811.7945204, 1581041812.5597136, 1581041817.9008117, 1581041818.654954, 1581041819.404761, 1581041820.1628284, 1581041820.91078, 1581041821.6631901, 1581041822.414756, 1581041823.1674297, 1581041823.928334, 1581041824.685261, 1581041830.210146, 1581041830.9789834, 1581041831.7298105, 1581041832.4794672, 1581041833.224779, 1581041833.9905007, 1581041834.7375572, 1581041835.4849625, 1581041836.231103, 1581041836.974168, 1581041842.3057468, 1581041843.0736964, 1581041843.8393261, 1581041844.5983813, 1581041845.3591945, 1581041846.122831, 1581041846.8845654, 1581041847.6456904, 1581041848.4080162, 1581041849.1683753, 1581041854.6270463, 1581041855.3860242, 1581041856.1458206, 1581041856.9047613, 1581041857.6704838, 1581041858.4157712, 1581041859.094829, 1581041859.7823079, 1581041860.4623885, 1581041861.1419387, 1581041866.5106928, 1581041867.2777493, 1581041868.039904, 1581041868.8029077, 1581041869.5572302, 1581041870.3107784, 1581041871.058508, 1581041871.809944, 1581041872.5641656, 1581041873.3089495, 1581041878.774507, 1581041879.5369158, 1581041880.3046951, 1581041881.0668495, 1581041881.8269138, 1581041882.591267, 1581041883.3472626, 1581041884.1173658, 1581041884.8841393, 1581041885.6280751, 1581041890.9548109, 1581041891.711895, 1581041892.466408, 1581041893.2192748, 1581041893.97102, 1581041894.7291267, 1581041895.4872673, 1581041896.2406006, 1581041896.9958727, 1581041897.7499187, 1581041909.2158434, 1581041909.8099244, 1581041910.3276389, 1581041910.9056938, 1581041911.5919242, 1581041912.2812946, 1581041912.9702044, 1581041913.6577415, 1581041914.340553, 1581041915.0241134, 1581041920.3475182, 1581041921.027842, 1581041921.7032144, 1581041922.3791275, 1581041923.0567608, 1581041923.7553022, 1581041924.5159042, 1581041925.2865312, 1581041926.0520227, 1581041926.8191674, 1581041932.2190588, 1581041932.981569, 1581041933.7385764, 1581041934.4949412, 1581041935.2500496, 1581041936.0070953, 1581041936.7663374, 1581041937.456061, 1581041938.2119877, 1581041938.9659617, 1581041944.2579103, 1581041945.0283432, 1581041945.791925, 1581041946.5539517, 1581041947.3225896, 1581041948.0942588, 1581041948.8581755, 1581041949.6198268, 1581041950.382586, 1581041951.152169, 1581041956.4413617, 1581041957.2163095, 1581041957.9852264, 1581041958.7493422, 1581041959.5122108, 1581041960.2766967, 1581041961.0408003, 1581041961.8041294, 1581041962.5612533, 1581041963.3165493, 1581041968.7547946, 1581041969.524747, 1581041970.2879155, 1581041971.050949, 1581041971.8169036, 1581041972.5847871, 1581041973.3504212, 1581041974.1115437, 1581041974.8716576, 1581041975.6315463, 1581041981.025079, 1581041981.7997403, 1581041982.569971, 1581041983.3404036, 1581041984.1129355, 1581041984.8956645, 1581041985.659798, 1581041986.4264262, 1581041987.19075, 1581041987.918176, 1581041993.2457538, 1581041994.0192878, 1581041994.7903836, 1581041995.5603955, 1581041996.3308864, 1581041997.1054323, 1581041997.8778281, 1581041998.6490464, 1581041999.4202886, 1581042000.1993468, 1581042005.549928, 1581042006.3140802, 1581042007.0783322, 1581042007.839284, 1581042008.6009803, 1581042009.380435, 1581042010.1496432, 1581042010.915167, 1581042011.6844835, 1581042012.4512947, 1581042017.9607017, 1581042018.727544, 1581042019.4891384, 1581042020.2494106, 1581042021.0121984, 1581042021.7817934, 1581042022.5581899, 1581042023.3195226, 1581042024.0816605, 1581042024.8417034], "episode_lengths": [200, 200, 200, 200, 200, 200, 200, 200, 200, 200, 200, 200, 200, 200, 200, 200, 200, 200, 200, 200, 200, 200, 200, 200, 200, 200, 200, 200, 200, 200, 200, 200, 200, 200, 200, 200, 200, 200, 200, 200, 200, 200, 200, 200, 200, 200, 200, 200, 200, 200, 200, 200, 200, 200, 200, 200, 200, 200, 200, 200, 200, 200, 200, 200, 200, 200, 200, 200, 200, 200, 200, 200, 200, 200, 200, 200, 200, 200, 200, 200, 200, 200, 200, 200, 200, 200, 200, 200, 200, 200, 200, 200, 200, 200, 200, 200, 200, 200, 200, 200, 200, 200, 200, 200, 200, 200, 200, 200, 200, 200, 200, 200, 200, 200, 200, 200, 200, 200, 200, 200, 200, 200, 200, 200, 200, 200, 200, 200, 200, 200, 200, 200, 200, 200, 200, 200, 200, 200, 200, 200, 200, 200, 200, 200, 200, 200, 200, 200, 200, 200, 200, 200, 200, 200, 200, 200, 200, 200, 200, 200, 200, 200, 200, 200, 200, 200, 200, 200, 200, 200, 200, 200, 200, 200, 200, 200, 200, 200, 200, 200, 200, 200, 200, 200, 200, 200, 200, 200, 200, 200, 200, 200, 200, 200, 200, 200, 200, 200, 200, 200],