{"initial_reset_timestamp": 1582115063.6901069, "timestamps": [1582115070.8170686, 1582115071.2194028, 1582115071.5099957, 1582115071.800045, 1582115072.0921283, 1582115072.383979, 1582115072.6769388, 1582115072.9683938, 1582115073.2606254, 1582115073.5518768], "episode_lengths": [200, 200, 200, 200, 200, 200, 200, 200, 200, 200], "episode_rewards": [-1476.1350956602555, -1425.477575928247, -1284.241696146746, -1401.7073735244767, -1264.9378403607031, -1197.6016772713067, -1328.2885879482349, -1297.8801562519927, -1285.2945884441565, -1416.7838287012487], "episode_types": ["t", "t", "t", "t", "t", "t", "t", "t", "t", "t"]}