{"initial_reset_timestamp": 1582295662.0806336, "timestamps": [1582295669.6804109, 1582295670.24446, 1582295670.7137816, 1582295671.1853771, 1582295671.6575732, 1582295672.1310158, 1582295672.6121953, 1582295673.0900998, 1582295673.566396, 1582295674.0458722, 1582295923.7695265, 1582295924.7975857, 1582295925.836151, 1582295926.87202, 1582295927.9274838, 1582295928.958063, 1582295930.006161, 1582295931.0439928, 1582295932.1032646, 1582295933.1572585, 1582296182.6216745, 1582296183.6332743, 1582296184.64775, 1582296185.6854918, 1582296186.7222016, 1582296187.814944, 1582296188.8935788, 1582296190.009358, 1582296191.1113153, 1582296192.2123475, 1582296391.9648376, 1582296393.0771794, 1582296394.2003677, 1582296395.3148155, 1582296396.4312763, 1582296397.628758, 1582296398.9119911, 1582296400.193713, 1582296401.4634945, 1582296402.739753, 1582296607.3296585, 1582296608.4217322, 1582296609.5498145, 1582296610.6899118, 1582296611.8030946, 1582296612.9008386, 1582296613.9937615, 1582296615.1741817, 1582296616.4515934, 1582296617.7314878], "episode_lengths": [200, 200, 200, 200, 200, 200, 200, 200, 200, 200, 200, 200, 200, 200, 200, 200, 200, 200, 200, 200, 200, 200, 200, 200, 200, 200, 200, 200, 200, 200, 200, 200, 200, 200, 200, 200, 200, 200, 200, 200, 200, 200, 200, 200, 200, 200, 200, 200, 200, 200], "episode_rewards": [-1357.1221104383878, -1249.8911545795363, -1354.798786505091, -1263.4344246983837, -1399.495627293623, -1283.8605718023498, -1767.8056475551214, -1457.5777073703787, -1388.297094059336, -1438.630818120469, -1327.3106485741046, -1795.2811118899945, -1542.4386336345144, -1567.9901746382009, -1548.8915678464557, -1507.6228642986218, -1451.933706268431, -1543.3944884093053, -1479.2419034430886, -1488.420186446146, -1516.496480028426, -1516.4624154205994, -1458.4853130135539, -1375.7744130938233, -1521.5992195015876, -1392.593675733645, -1449.028148463899, -1398.2098274136804, -1282.25301286525, -1496.8881522357547, -1385.7388110776692, -1351.4617892347528, -1495.3814043969742, -1399.2127100432199, -1496.3905511932883, -1091.0428676472752, -1425.63291679512, -1198.160593333488, -1083.3840739182742, -1501.8157481663022, -1346.832038112228, -1152.0483216793302, -1093.3733720513624, -1504.7791082335284, -882.8729029702632, -937.5817984750408, -951.0922799854752, -1497.7427411879264, -1505.4930685524234, -1073.497341457261], "episode_types": ["t", "t", "t", "t", "t", "t", "t", "t", "t", "t", "t", "t", "t", "t", "t", "t", "t", "t", "t", "t", "t", "t", "t", "t", "t", "t", "t", "t", "t", "t", "t", "t", "t", "t", "t", "t", "t", "t", "t", "t", "t", "t", "t", "t", "t", "t", "t", "t", "t", "t"]}