{"initial_reset_timestamp": 1582298218.5837228, "timestamps": [1582298225.7149916, 1582298226.1426568, 1582298226.4299421, 1582298226.7192156, 1582298227.0063472, 1582298227.2967975, 1582298227.5845513, 1582298227.8719537, 1582298228.1625733, 1582298228.4484057, 1582298356.4009967, 1582298357.1840146, 1582298358.103073, 1582298358.844082, 1582298359.5773904, 1582298360.3332086, 1582298361.0887055, 1582298362.0435915, 1582298363.001876, 1582298363.842397, 1582298492.3943694, 1582298493.1952045, 1582298493.9835095, 1582298494.7673, 1582298495.5478702, 1582298496.3240495, 1582298497.107884, 1582298497.8827057, 1582298498.6644733, 1582298499.438793, 1582298629.6404076, 1582298630.4792688, 1582298631.2990751, 1582298632.1316988, 1582298632.9608278, 1582298633.7823074, 1582298634.62217, 1582298635.5088909, 1582298636.3387733, 1582298637.1396961, 1582298776.9336424, 1582298777.809009, 1582298778.6668015, 1582298779.7660139, 1582298780.6300163, 1582298781.462517, 1582298782.2761388, 1582298783.0989437, 1582298783.9141037, 1582298784.7890642, 1582298918.754951, 1582298919.6209264, 1582298920.422696, 1582298921.2379367, 1582298922.0506203, 1582298922.8421373, 1582298923.6467457, 1582298924.45891, 1582298925.2875016, 1582298926.0404341], "episode_lengths": [200, 200, 200, 200, 200, 200, 200, 200, 200, 200, 200, 200, 200, 200, 200, 200, 200, 200, 200, 200, 200, 200, 200, 200, 200, 200, 200, 200, 200, 200, 200, 200, 200, 200, 200, 200, 200, 200, 200, 200, 200, 200, 200, 200, 200, 200, 200, 200, 200, 200, 200, 200, 200, 200, 200, 200, 200, 200, 200, 200], "episode_rewards": [-1312.4691943499506, -1626.6053746751068, -1706.691074385818, -1802.774365518001, -1169.902190104855, -1721.3669607099343, -1265.2202804807753, -1141.4484646453275, -1195.2544287436622, -1538.55013432601, -1352.0706205208028, -1495.805662363612, -1532.3487232133139, -1238.3565553579092, -1684.3517302079988, -1635.5458320653174, -1648.4777724468688, -1385.2919422444331, -1465.285764391906, -1499.3422298198775, -1409.6113057519024, -1522.8555262368434, -1446.8242413919368, -1166.8648092304911, -1504.3293968583566, -859.6914062736571, -1081.2915365967367, -1095.8684890531526, -1407.2476610044482, -1520.9588571581555, -1646.9557644762735, -1314.9709946210046, -1425.89756273993, -1379.0070772001761, -1651.4494659298962, -1538.5857583383722, -821.7200037618734, -1450.0487619987712, -1597.1096372326053, -1620.7139085269982, -1518.9231088418478, -1474.9596876009607, -1380.2306849628208, -1539.3470239422986, -1612.6012258977205, -1555.3767680584187, -1640.7862273285448, -1635.0267630168332, -1534.022651460685, -1514.5295928584653, -1645.6624852883956, -1495.093476876486, -1515.7926653764723, -1653.2587045111604, -1531.4879339555096, -1511.6838528457615, -1654.921258968051, -1586.995803276556, -1502.100743070171, -1604.1497567844701], "episode_types": ["t", "t", "t", "t", "t", "t", "t", "t", "t", "t", "t", "t", "t", "t", "t", "t", "t", "t", "t", "t", "t", "t", "t", "t", "t", "t", "t", "t", "t", "t", "t", "t", "t", "t", "t", "t", "t", "t", "t", "t", "t", "t", "t", "t", "t", "t", "t", "t", "t", "t", "t", "t", "t", "t", "t", "t", "t", "t", "t", "t"]}