{"episode_lengths": [200, 200, 200, 200, 200, 200, 200, 200, 200, 200, 200, 200, 200, 200, 200, 200, 200, 200, 200, 200, 200, 200, 200, 200, 200, 200, 200, 200, 200, 200, 200, 200, 200, 200, 200, 200, 200, 200, 200, 200], "timestamps": [1579784703.3973882, 1579784703.6679049, 1579784703.8625023, 1579784704.056906, 1579784704.250855, 1579784704.443199, 1579784704.6384678, 1579784704.8696823, 1579784705.070688, 1579784705.2722385, 1579784707.8592196, 1579784708.666366, 1579784709.4702394, 1579784710.2744548, 1579784711.0956995, 1579784711.9181578, 1579784712.7362776, 1579784713.5581403, 1579784714.3668194, 1579784715.176219, 1579784717.7327855, 1579784718.2596464, 1579784718.7925496, 1579784719.3179054, 1579784719.8499434, 1579784720.3806005, 1579784720.918562, 1579784721.4453437, 1579784721.9778526, 1579784722.5071912, 1579784724.778372, 1579784725.6055262, 1579784726.42415, 1579784727.2409525, 1579784728.0617702, 1579784728.87789, 1579784729.6924021, 1579784730.4971256, 1579784731.3365011, 1579784732.294632], "episode_types": ["t", "t", "t", "t", "t", "t", "t", "t", "t", "t", "t", "t", "t", "t", "t", "t", "t", "t", "t", "t", "t", "t", "t", "t", "t", "t", "t", "t", "t", "t", "t", "t", "t", "t", "t", "t", "t", "t", "t", "t"], "initial_reset_timestamp": 1579784699.7036505, "episode_rewards": [-1636.9934280348132, -1486.395168454897, -1552.664556589844, -1388.5857495198702, -1499.7793923932854, -1429.721201095234, -1356.2734620426916, -1407.7756033087903, -1757.2053374917357, -1569.036653864026, -1722.3252388743297, -1713.3198515538813, -1661.6454200190003, -1671.1763262294949, -1649.2783659037202, -1560.9314518126475, -1519.0050345318728, -1547.4052364111585, -1557.4713349117262, -1450.8229267590018, -1525.0836126878107, -1513.2480694409228, -1269.61176349126, -1507.5967661229358, -1114.2829460625119, -1547.5931377008417, -1498.6557732388192, -1564.8527031696033, -1293.05910554851, -1409.3760648766329, -1656.4612528973746, -1630.4090509578607, -1463.3586466102327, -1402.0582612038554, -1645.1539375032653, -1646.986192506324, -1645.7419260267718, -1537.171322975766, -1532.3987669229584, -1526.127082029786]}