{"initial_reset_timestamp": 1581010412.3633974, "timestamps": [1581010419.4075868, 1581010419.789251, 1581010420.0772629, 1581010420.35766, 1581010420.6407442, 1581010420.924008, 1581010421.2069385, 1581010421.4901175, 1581010421.7745728, 1581010422.0595386], "episode_lengths": [200, 200, 200, 200, 200, 200, 200, 200, 200, 200], "episode_rewards": [-1431.640646922597, -1509.1431634622859, -1344.2985406126431, -1466.6101239611653, -1017.3993827990407, -1422.847627167349, -1009.4333756980936, -1423.1021139369968, -1482.8221979879054, -1487.7063135688165], "episode_types": ["t", "t", "t", "t", "t", "t", "t", "t", "t", "t"]}