{"initial_reset_timestamp": 1581946839.4836771, "timestamps": [1581946846.5457864, 1581946846.8957388, 1581946847.1877563, 1581946847.4827576, 1581946847.777499, 1581946848.0790813, 1581946848.3745573, 1581946848.6702502, 1581946848.9649274, 1581946849.2607057, 1581946854.4644828, 1581946855.2317624, 1581946855.9338858, 1581946856.6358387, 1581946857.337321, 1581946858.0722673, 1581946858.7671587, 1581946859.466453, 1581946860.1692233, 1581946860.8598397, 1581946866.3491013, 1581946867.1398542, 1581946867.9442406, 1581946868.754511, 1581946869.6260307, 1581946870.4401288, 1581946871.2415617, 1581946872.0242348, 1581946872.8144972, 1581946873.6068835, 1581946879.1946883, 1581946879.983548, 1581946880.775746, 1581946881.5678127, 1581946882.3618538, 1581946883.1596844, 1581946883.9613998, 1581946884.7599208, 1581946885.5544136, 1581946886.3231957, 1581946891.8758419, 1581946892.8799536, 1581946893.6758063, 1581946894.5113115, 1581946895.315892, 1581946896.1247609, 1581946896.924147, 1581946897.723877, 1581946898.5150843, 1581946899.303479, 1581946904.8704243, 1581946905.6737814, 1581946906.4837277, 1581946907.271638, 1581946908.057422, 1581946908.8365228, 1581946909.6142392, 1581946910.3901327, 1581946911.1719124, 1581946911.9560547, 1581946917.5453694, 1581946918.3134394, 1581946919.0784922, 1581946919.8414242, 1581946920.6150107, 1581946921.4055502, 1581946922.209371, 1581946922.9981518, 1581946923.7811508, 1581946924.5664365, 1581946930.0902052, 1581946930.8643186, 1581946931.64278, 1581946932.427445, 1581946933.2193532, 1581946934.0432913, 1581946934.8419127, 1581946935.6379044, 1581946936.4165885, 1581946937.1949759, 1581946942.726964, 1581946943.5144374, 1581946944.3033483, 1581946945.0990653, 1581946945.9113045, 1581946946.705712, 1581946947.5021698, 1581946948.2956543, 1581946949.0997913, 1581946949.8821862, 1581946955.4753082, 1581946956.2977343, 1581946957.1127267, 1581946957.9258924, 1581946958.7042658, 1581946959.4804797, 1581946960.25845, 1581946961.0371318, 1581946961.8504467, 1581946962.6257436, 1581946974.5941176, 1581946975.332344, 1581946976.0142746, 1581946976.6920035, 1581946977.3675506, 1581946978.1147563, 1581946978.8985147, 1581946979.7097096, 1581946980.5179265, 1581946981.306452, 1581946986.9464593, 1581946987.7395585, 1581946988.5381413, 1581946989.3383937, 1581946990.1381814, 1581946990.942076, 1581946991.740559, 1581946992.5332484, 1581946993.2832315, 1581946993.9950278, 1581946999.6380782, 1581947000.3565834, 1581947001.070125, 1581947001.7812698, 1581947002.5062876, 1581947003.2332957, 1581947003.9443, 1581947004.657218, 1581947005.3762074, 1581947006.0926297, 1581947011.6612916, 1581947012.4713337, 1581947013.276927, 1581947014.0772812, 1581947014.871324, 1581947015.606364, 1581947016.3206818, 1581947017.0335882, 1581947017.7397773, 1581947018.453576, 1581947024.0185237, 1581947024.729317, 1581947025.445032, 1581947026.1587663, 1581947026.8692744, 1581947027.5912566, 1581947028.3072817, 1581947029.0213747, 1581947029.7293797, 1581947030.443747, 1581947035.937282, 1581947036.7284822, 1581947037.538083, 1581947038.3447857, 1581947039.1421778, 1581947039.9591155, 1581947040.672906, 1581947041.3721435, 1581947042.0709999, 1581947042.7634487, 1581947048.1523323, 1581947048.8556013, 1581947049.5653095, 1581947050.2682023, 1581947050.9611561, 1581947051.66273, 1581947052.3603363, 1581947053.056048, 1581947053.7499719, 1581947054.4488332, 1581947059.9982738, 1581947060.7824507, 1581947061.5777552, 1581947062.3734405, 1581947063.165986, 1581947063.9617898, 1581947064.7438045, 1581947065.530068, 1581947066.3097434, 1581947067.0924273, 1581947072.561875, 1581947073.3463442, 1581947074.128913, 1581947074.8987508, 1581947075.693277, 1581947076.4747295, 1581947077.2657995, 1581947078.0795536, 1581947078.8567789, 1581947079.629909, 1581947085.234475, 1581947086.0107822, 1581947086.816795, 1581947087.5969617, 1581947088.3797643, 1581947089.1465027, 1581947089.9182968, 1581947090.6901734, 1581947091.474838, 1581947092.2470262, 1581947103.8447876, 1581947104.5551274, 1581947105.2427506, 1581947105.9106414, 1581947106.602241, 1581947107.4053261, 1581947108.2171247, 1581947108.9913514, 1581947109.781241, 1581947110.5896697, 1581947116.0588899, 1581947116.8238778, 1581947117.5998461, 1581947118.3936176, 1581947119.1895194, 1581947119.9881341, 1581947120.7923536, 1581947121.6818817, 1581947122.456894, 1581947123.2646594, 1581947129.0175867, 1581947129.836933, 1581947130.673067, 1581947131.4588869, 1581947132.2457173, 1581947133.0169609, 1581947133.780038, 1581947134.5435648, 1581947135.316242, 1581947136.0891752, 1581947141.7110121, 1581947142.5189543, 1581947143.3489847, 1581947144.1469061, 1581947144.855916, 1581947145.575765, 1581947146.2928793, 1581947147.0055583, 1581947147.7142963, 1581947148.423487, 1581947154.08812, 1581947154.9158564, 1581947155.7466745, 1581947156.563145, 1581947157.400022, 1581947158.219581, 1581947159.0186625, 1581947159.8234718, 1581947160.6276495, 1581947161.4621084, 1581947167.0812457, 1581947167.8537848, 1581947168.635797, 1581947169.4385278, 1581947170.2318668, 1581947171.0200272, 1581947171.8133855, 1581947172.604708, 1581947173.3953176, 1581947174.184136, 1581947179.738838, 1581947180.5325053, 1581947181.3488986, 1581947182.1758177, 1581947182.9641955, 1581947183.7579138, 1581947184.6460614, 1581947185.4288251, 1581947186.2036343, 1581947186.9720287, 1581947192.521071, 1581947193.340381, 1581947194.1478374, 1581947194.9867756], "episode_lengths": [200, 200, 200, 200, 200, 200, 200, 200, 200, 200, 200, 200, 200, 200, 200, 200, 200, 200, 200, 200, 200, 200, 200, 200, 200, 200, 200, 200, 200, 200, 200, 200, 200, 200, 200, 200, 200, 200, 200, 200, 200, 200, 200, 200, 200, 200, 200, 200, 200, 200, 200, 200, 200, 200, 200, 200, 200, 200, 200, 200, 200, 200, 200, 200, 200, 200, 200, 200, 200, 200, 200, 200, 200, 200, 200, 200, 200, 200, 200, 200, 200, 200, 200, 200, 200, 200, 200, 200, 200, 200, 200, 200, 200, 200, 200, 200, 200, 200, 200, 200, 200, 200, 200, 200, 200, 200, 200, 200, 200, 200, 200, 200, 200, 200, 200, 200, 200, 200, 200, 200, 200, 200, 200, 200, 200, 200, 200, 200, 200, 200, 200, 200, 200, 200, 200, 200, 200, 200, 200, 200, 200, 200, 200, 200, 200, 200, 200, 200, 200, 200, 200, 200, 200, 200, 200, 200, 200, 200, 200, 200, 200, 200, 200, 200, 200, 200, 200, 200, 200, 200, 200, 200, 200, 200, 200, 200, 200, 200, 200, 200, 200, 200, 200, 200, 200, 200, 200, 200, 200, 200, 200, 200, 200, 200, 200, 200, 200, 200, 200, 200, 200, 200, 200, 200, 200, 200, 200, 200, 200, 200, 200, 200, 200, 200, 200, 200, 200, 200, 200, 200, 200, 200, 200, 200, 200, 200, 200, 200, 200, 200, 200, 200, 200, 200, 200, 200, 200, 200, 200, 200, 200, 200, 200, 200, 200, 200, 200, 200, 200, 200, 200, 200, 200, 200, 200, 200, 200, 200, 200, 200, 200, 200, 200, 200, 200, 200, 200, 200, 200, 200, 200, 200, 200, 200],