{"initial_reset_timestamp": 1581011765.5037715, "timestamps": [1581011772.5809495, 1581011772.964918, 1581011773.2603679, 1581011773.553931, 1581011773.8486385, 1581011774.1425402, 1581011774.4292111, 1581011774.7115912, 1581011774.9943433, 1581011775.2784438], "episode_lengths": [200, 200, 200, 200, 200, 200, 200, 200, 200, 200], "episode_rewards": [-1806.4534383885473, -1621.8445226114325, -1828.7155900311593, -1557.6324463597277, -1735.1961024883185, -1566.358918000316, -1563.6860879374722, -1808.8433252300038, -1727.9941023013382, -1697.3098602684267], "episode_types": ["t", "t", "t", "t", "t", "t", "t", "t", "t", "t"]}