{"initial_reset_timestamp": 1582115094.7669935, "timestamps": [1582115101.8247793, 1582115102.2169433, 1582115102.5125115, 1582115102.810127, 1582115103.106831, 1582115103.4039633, 1582115103.7006752, 1582115103.9981682, 1582115104.295867, 1582115104.5950267, 1582115109.3013391, 1582115109.8840206, 1582115110.4553554, 1582115111.0441806, 1582115111.620148, 1582115112.2232502, 1582115112.8077972, 1582115113.3819234, 1582115113.9553778, 1582115114.522219, 1582115119.8919418, 1582115120.4469624, 1582115121.0205302, 1582115121.7967188, 1582115122.6779516, 1582115123.3813741, 1582115123.9442713, 1582115124.504937, 1582115125.0721786, 1582115125.6381245, 1582115131.003534, 1582115131.5796926, 1582115132.14632, 1582115132.7169318, 1582115133.2973814, 1582115133.8841128, 1582115134.471027, 1582115135.0656974, 1582115135.6410038], "episode_lengths": [200, 200, 200, 200, 200, 200, 200, 200, 200, 200, 200, 200, 200, 200, 200, 200, 200, 200, 200, 200, 200, 200, 200, 200, 200, 200, 200, 200, 200, 200, 200, 200, 200, 200, 200, 200, 200, 200, 200], "episode_rewards": [-1699.5496460707923, -1727.755401000588, -1499.037756363563, -1503.8009560176768, -1727.3717564861374, -1503.0139897623112, -1710.5563237696324, -1511.9954371114236, -1437.1547274977627, -1750.2663798995063, -1544.7418322874564, -1489.9933383801285, -1646.2110235382575, -1553.49332144585, -1611.6919532260308, -1737.6251105054935, -1561.8108331698847, -1669.2267091963784, -1638.8885129017588, -1697.2289442036856, -1716.8361826617693, -1695.0407153559727, -1786.4794777578031, -1782.081630154313, -1793.8878703726496, -1545.374331609411, -1700.3425735067453, -1714.0122632987259, -1564.192723424263, -1700.2491492513964, -1638.3301696614183, -1401.7870701235722, -1664.3806322758903, -1796.2200235422245, -1612.3042472948, -1792.820321552483, -1631.0261451046533, -1798.0932960039722, -1713.2448748100276], "episode_types": ["t", "t", "t", "t", "t", "t", "t", "t", "t", "t", "t", "t", "t", "t", "t", "t", "t", "t", "t", "t", "t", "t", "t", "t", "t", "t", "t", "t", "t", "t", "t", "t", "t", "t", "t", "t", "t", "t", "t", "t"]}