{"initial_reset_timestamp": 1582287829.9366474, "timestamps": [1582287836.992356, 1582287837.3753567, 1582287837.6743503, 1582287837.9773583, 1582287838.2792559, 1582287838.5803936, 1582287838.8805027, 1582287839.1841812, 1582287839.4910662, 1582287839.8555448, 1582287844.9841895, 1582287845.695068, 1582287846.4154973, 1582287847.1328216, 1582287847.851837, 1582287848.5697205, 1582287849.289064, 1582287850.0122223, 1582287850.8208985, 1582287851.7174244], "episode_lengths": [200, 200, 200, 200, 200, 200, 200, 200, 200, 200, 200, 200, 200, 200, 200, 200, 200, 200, 200, 200], "episode_rewards": [-1375.8852048025935, -1397.554716925907, -1023.8953924713912, -1451.878544473843, -1432.3264102492226, -1165.3854115926167, -1114.735135307662, -1152.0283716377135, -1441.5786551875558, -1174.817654684873, -1150.920307125967, -1362.8586109673918, -1530.119559505261, -1434.8910247071522, -1705.6901721970162, -1729.5018317164674, -1590.5744701345004, -1466.1936246546206, -1508.1154547040198, -1445.451127278697], "episode_types": ["t", "t", "t", "t", "t", "t", "t", "t", "t", "t", "t", "t", "t", "t", "t", "t", "t", "t", "t", "t"]}