{"initial_reset_timestamp": 1581011798.2898388, "timestamps": [1581011805.3721673, 1581011805.7829044, 1581011806.0945413, 1581011806.4026012, 1581011806.7004037, 1581011806.9995718, 1581011807.3039026, 1581011807.603289, 1581011807.902666, 1581011808.2030213, 1581011813.0524, 1581011813.8821695, 1581011814.6855333, 1581011815.4922645, 1581011816.305925, 1581011817.1091917, 1581011817.902123, 1581011818.6871295, 1581011819.4769404, 1581011820.2713816], "episode_lengths": [200, 200, 200, 200, 200, 200, 200, 200, 200, 200, 200, 200, 200, 200, 200, 200, 200, 200, 200, 200], "episode_rewards": [-1686.5468322543895, -1524.4456756680263, -1745.1282747413193, -1683.629818116012, -1768.9728479982978, -1644.5973182237167, -1330.7871348981985, -1639.689932386624, -1466.7804314688863, -1806.8840576690527, -1730.3322452561554, -1448.5143014998312, -1603.7670077588361, -1076.2072620158453, -1291.1047062659643, -1591.4442688019285, -1600.2747863029908, -1526.6392900446674, -1400.070380131678, -1196.25479445385], "episode_types": ["t", "t", "t", "t", "t", "t", "t", "t", "t", "t", "t", "t", "t", "t", "t", "t", "t", "t", "t", "t"]}